iter	MultiClass
0	1.94264786311	1.93934772
22	1.9448835983